"Table 8: Stores Ranked by Total Dollar Sales, RY 2013-14",,,,,,,,,,,,,,,
,,,,,,,,,,,,,,,
Rank,City+Address_edit,AvgValueOfTransaction,DollarSales,TransactionCount,Store Number,LicenseeOrFulfillmentCenter,,,,,,,,,
1,Philadelphia 2238 Washington Ave ,2274.14,43959058.45,19329.97021,5103 ,1,,,,,,,,,
2,West Chester 933 Paoli Pike ,81.34,24066478.64,295875.0755,1516 ,0,,,,,,,,,
3,Pittsburgh 5956 Penn Cir ,51.24,19131996.57,373380.1048,247 ,0,,,,,,,,,
4,Pittsburgh 1601 Liberty Ave ,1034.54,18515227.89,17897.06332,215 ,1,,,,,,,,,
5,Philadelphia 1218 Chestnut St ,38.11,14332674.51,376086.9722,5144 ,0,,,,,,,,,
6,Pittsburgh The Waterworks 974 Freeport Rd ,51.6,13960132.44,270545.2023,214 ,0,,,,,,,,,
7,Ardmore Ardmore Plz Shopping Ctr 56 Greenfield Ave ,56.56,13655306.94,241430.4622,4602 ,0,,,,,,,,,
8,Broomall Lawrence Park Ind Ctr 629 Park Way ,1700.99,13592600.73,7990.993909,2301 ,1,,,,,,,,,
9,Bethel Park Village Sq Mall 5000 Oxford ,48.13,13579565.16,282143.4689,9211 ,0,,,,,,,,,
10,Philadelphia 401 Franklin Mills Cir ,48.16,13341940.94,277033.6574,5133 ,0,,,,,,,,,
11,Wyomissing Berkshire Mall West 1101 Woodland Rd ,44.18,13165927.8,298006.5143,621 ,0,,,,,,,,,
12,Flourtown 1440 Bethlehem Pike ,48.18,12362637.09,256592.7167,4623 ,0,,,,,,,,,
13,Lemoyne West Shore Plz Shopping Ctr 1200 Market St ,43.82,12204191.13,278507.3284,2102 ,0,,,,,,,,,
14,Doylestown 132 Veterans Ln ,43.94,12066874.92,274621.6413,926 ,0,,,,,,,,,
15,1007 Cranberry Twp Cranberry Mall 20111 Rt 19,50.25,11954295.56,237896.4291,1007 ,0,,,,,,,,,
16,State College 1690 N Atherton St ,41.59,11732962.58,282110.1847,1405 ,0,,,,,,,,,
17,Conshohocken Whitemarsh Shopping Ctr 44 Ridge Pike ,38.95,11296116.94,290015.8393,4628 ,0,,,,,,,,,
18,Philadelphia 180 W Girard Ave ,35.2,11176922.43,317526.2054,5185 ,0,,,,,,,,,
19,King Of Prussia 143 S Gulph Rd ,66.27,11175794.64,168640.3296,4620 ,0,,,,,,,,,
20,Newtown 10 W Centre Ave ,44.98,11054184.26,245757.7648,909 ,0,,,,,,,,,
21,Washington Washington Mall 301 Oak Spring Rd ,52.3,10871325.73,207864.7367,6316 ,0,,,,,,,,,
22,Pittsburgh Robinson Town Centre 1850 Park Manor Blvd ,44.04,10709812.16,243183.7457,231 ,0,,,,,,,,,
23,Easton Northampton Crossings 3718 Easton-Nazareth Hwy ,38.91,10700439.51,275004.8705,4814 ,0,,,,,,,,,
24,Harrisburg Kmart Shopping Ctr 5070 Jonestown Rd ,38.33,10637258.76,277517.8388,2210 ,0,,,,,,,,,
25,Philadelphia Columbus Commons North Shopping Ctr 1940 S Christopher Columbus Blvd ,41.13,10580293.38,257240.2961,5104 ,0,,,,,,,,,
26,Allentown Crest Plz Shopping Ctr 1516 N Cedar Crest Blvd ,43.1,10271448.14,238316.6622,3901 ,0,,,,,,,,,
27,"Clarks Summit 222 Northern Blvd, ",47.19,10158397.96,215265.9029,3516 ,0,,,,,,,,,
28,Norristown Swede Sq Shopping Ctr 2927 Swede Rd ,38.78,10131270.99,261249.8966,4631 ,0,,,,,,,,,
29,Lancaster Hawthorne Centre Shopping Ctr 2076 Fruitville Pike ,36.59,10129395.97,276835.0907,3614 ,0,,,,,,,,,
30,Philadelphia 2040 Market St ,35.32,10035023.24,284117.3058,9101 ,0,,,,,,,,,
31,Feasterville 855B Pennsylvania Blvd ,1503.71,9667380.3,6429.019093,940 ,1,,,,,,,,,
32,Lansdale Allen Forge Shopping Ctr 850 S Valley Forge Rd ,34.74,9618541.63,276872.2404,4633 ,0,,,,,,,,,
33,Jenkintown 935 Old York Rd ,39.16,9543142.51,243696.1826,4613 ,0,,,,,,,,,
34,Monroeville 3845 Northern Pike ,40.86,9480898.78,232033.744,227 ,0,,,,,,,,,
35,York Eastern Boulevard Shopping Ctr 2414 Eastern Blvd ,35.24,9357971.79,265549.7103,6707 ,0,,,,,,,,,
36,Hummelstown Hershey Sq Shopping Ctr 1158 Mae St ,56.13,9317011.09,165989.8644,2211 ,0,,,,,,,,,
37,Bethlehem 3084 Emrick Blvd (Rear) ,1079.62,8799989.69,8151.006549,4817 ,1,,,,,,,,,
38,Pittsburgh 1955 Wharton St ,31.6,8751853.84,276957.4,260 ,0,,,,,,,,,
39,Whitehall 2503 Mickley Ave ,32.71,8689149.76,265641.9982,3913 ,0,,,,,,,,,
40,Maple Glen Maple Glen Shopping Ctr 1973 Norristown Rd ,45.49,8653770.2,190234.5614,4606 ,0,,,,,,,,,
41,State College Hamilton Sq Shopping Ctr 230 W Hamilton Ave ,54.02,8633243.61,159815.6907,1404 ,0,,,,,,,,,
42,Quakertown Quakertown Shopping Ctr 1465 W Broad ,31.46,8618221.06,273942.1825,920 ,0,,,,,,,,,
43,Wexford 125 Towne Centre ,49.5,8600397.55,173745.4051,9208 ,0,,,,,,,,,
44,"Center Valley The Promenade Shops At Saucon Valley 3060 Ctr Valley Pkwy, ",54.29,8511622.14,156780.662,3918 ,0,,,,,,,,,
45,Springfield 149 Baltimore Pike ,27.39,8340240.74,304499.4794,2310 ,0,,,,,,,,,
46,Exton 275 Main St ,44.19,8200129.27,185565.2697,1501 ,0,,,,,,,,,
47,Lancaster 1190 Dillerville Rd ,1111.38,8114176.45,7300.991965,3616 ,1,,,,,,,,,
48,Erie Yorktown Centre 2501 W 12th St ,43.31,8083410.63,186640.7442,2514 ,0,,,,,,,,,
49,Pittsburgh 8090 Mcintyre Sq Dr ,36.36,7935768.53,218255.4601,277 ,0,,,,,,,,,
50,Collegeville Market Place Shopping Ctr 201 2nd ,39.87,7923492.08,198733.1849,4610 ,0,,,,,,,,,
51,Warrington 1115 Main St ,38.51,7822026.05,203116.7502,932 ,0,,,,,,,,,
52,"Bridgeville United Industr Park, ",1337.25,7709259.7,5765.010058,222 ,1,,,,,,,,,
53,Mcmurray Donaldsons Crossroads S C 3929 Washington Rd ,38.91,7644351.2,196462.3799,6315 ,0,,,,,,,,,
54,Bala Cynwyd 119 West City Ave ,32.41,7487030.34,231009.884,4614 ,0,,,,,,,,,
55,Media 315 W Baltimore Ave ,34.16,7467028.13,218589.8165,2305 ,0,,,,,,,,,
56,New Hope Logan Sq Shopping Ctr 6542-J Lower York Rd ,57.71,7399806.45,128223.9898,912 ,0,,,,,,,,,
57,Downingtown Ashbridge Shopping Ctr 861 E Lancaster Ave ,34.58,7301986.24,211162.1238,1506 ,0,,,,,,,,,
58,Greensburg Westmoreland Crossing 5280 Rte ,42.17,7250121.03,171926.0382,6517 ,0,,,,,,,,,
59,Limerick Limerick Village 200 West Ridge Pike ,38.49,7219653.59,187572.1899,4645 ,0,,,,,,,,,
60,Pittsburgh Bill Green Shopping Ctr 10 Old Clairton Rd ,34.6,7194206.36,207925.0393,284 ,0,,,,,,,,,
61,Pittsburgh 1602 Cochran Rd ,34.79,6986487.63,200818.8454,9205 ,0,,,,,,,,,
62,Reading 4721 Perkiomen Ave. ,32.54,6985031.06,214659.8359,604 ,0,,,,,,,,,
63,Wayne 821 W Lancaster ,52.06,6937349.6,133256.8114,1527 ,0,,,,,,,,,
64,Hanover Hanover Crossing Shopping Ctr 431 Eisenhower Dr ,35.08,6835507.33,194854.827,6711 ,0,,,,,,,,,
65,Fairless Hills 510 S Oxford Valley ,26.46,6812434.83,257461.6338,911 ,0,,,,,,,,,
66,Philadelphia 2401 Vare Ave ,24.03,6792908.11,282684.4823,5191 ,0,,,,,,,,,
67,Erie Liberty Plaza Shopping Ctr 3702 Liberty St ,29.26,6762797.48,231127.7334,2516 ,0,,,,,,,,,
68,Paoli Paoli Shopping Ctr 17-19 Leopard ,42.09,6761464,160643.0031,1528 ,0,,,,,,,,,
69,York Commerce Ctr 2148 White ,28.92,6726856.06,232602.2151,6712 ,0,,,,,,,,,
70,Wayne 161 E Swedesford Rd ,35.96,6623986.56,184204.2981,1514 ,0,,,,,,,,,
71,Lebanon 102 N 8th Ave ,30.33,6496223.79,214184.7606,3801 ,0,,,,,,,,,
72,Carlisle Carlisle Marketplace 281 S Spring Garden St ,29.14,6496051.02,222925.5669,2101 ,0,,,,,,,,,
73,Chambersburg Wayne Plz 987 Wayne Ave ,34.44,6381021.4,185279.367,2801 ,0,,,,,,,,,
74,Lancaster Bridgeport Shopping Ctr 1622 Lincoln Hwy East ,27.64,6323179.06,228769.1411,3615 ,0,,,,,,,,,
75,Hermitage Hermitage Towne Plz 2321 E State St ,36.99,6254647.7,169090.2325,4306 ,0,,,,,,,,,
76,West Chester Bradford Plz Sc 692 Downingtown Pike ,30.91,6231073.44,201587.6234,1530 ,0,,,,,,,,,
77,Dallas 2161 Memorial ,38.23,6228503.46,162921.8797,4003 ,0,,,,,,,,,
78,Mt Pocono Pocono Village Mall 3430 Rte ,28.49,6219381.49,218300.5086,4502 ,0,,,,,,,,,
79,Philadelphia 2401 E Venango St ,24.18,6162744.56,254869.5021,5140 ,0,,,,,,,,,
80,"North Wales Gwynedd Crossing Sc 1200 Bethlehem Pike, ",37.59,6148450.26,163566.1149,4632 ,0,,,,,,,,,
81,Philadephia Ivy Ridge Shopping Ctr 7146 Ridge Ave ,27.62,6125784.05,221787.9815,9118 ,0,,,,,,,,,
82,Shrewsbury Shrewsbury Commons Shopping Ctr 802 Shrewsbury Commons Ave ,42.02,6118074.24,145599.1014,6714 ,0,,,,,,,,,
83,Exton Lionville Shopping Ctr 162 Eagleview Blvd ,33.71,6114178.13,181375.7974,1525 ,0,,,,,,,,,
84,Reading Penn Plz 3045 Fifth St ,28.81,6098337.15,211674.3197,619 ,0,,,,,,,,,
85,Bethlehem Stefko Shopping Ctr 1844-A Stefko Blvd ,27.43,6064079.49,221074.7171,4804 ,0,,,,,,,,,
86,"Altoona Pleasant Valley Shopping Ctr 3415 Pleasant Valley Blvd, ",33.69,6051000.16,179608.1971,709 ,0,,,,,,,,,
87,Narberth 1 Station Cir ,40.37,6012158.05,148926.3822,4636 ,0,,,,,,,,,
88,Souderton Hilltown Plz Sc 766 Rt ,30.38,6009570.67,197813.3861,910 ,0,,,,,,,,,
89,Wayne 209 W Lancaster Ave ,43.64,5968317.45,136762.5447,2306 ,0,,,,,,,,,
90,Gettysburg 1275 York ,39.38,5939974.39,150837.3385,101 ,0,,,,,,,,,
91,Philadelphia 5101 Lancaster Ave ,19.85,5899449.37,297201.4796,5135 ,0,,,,,,,,,
92,Holmes Macdade Shopping Ctr 2143 Macdade Blvd ,26.49,5870820.07,221624.0117,2324 ,0,,,,,,,,,
93,Lititz Shoppes At Kissel Village 1020 Lititz Pike ,31.39,5816186.25,185287.8703,3607 ,0,,,,,,,,,
94,Philadelphia Hendrix Ctr 11685 Bustleton Ave ,24.29,5791832.28,238445.133,5160 ,0,,,,,,,,,
95,Seven Fields 206 Seven Fields Blvd ,36.47,5741361.24,157426.9602,1010 ,0,,,,,,,,,
96,Philadelphia 2550 Grant ,29.96,5706857.44,190482.5581,5112 ,0,,,,,,,,,
97,Gibsonia 354 Northtowne Sq 5600 Rte 8 ,34.26,5698461.25,166329.8672,211 ,0,,,,,,,,,
98,Phoenixville 550 Kimberton Rd ,33.02,5668165.94,171658.5687,1502 ,0,,,,,,,,,
99,Harrisburg The Pt Shopping Ctr 4227 Union Deposit Rd ,26.07,5629839.64,215950.8876,2215 ,0,,,,,,,,,
100,Williamsport Loyal Pz Shopping Ctr 1903 E 3rd St ,36.55,5616493.23,153666.0254,4110 ,0,,,,,,,,,
101,"Havertown 1305 West Chester Pike, ",28.26,5616410.18,198740.6292,2320 ,0,,,,,,,,,
102,Philadelphia 4229 N Broad St ,18.94,5591080.21,295199.5887,5132 ,0,,,,,,,,,
103,Philadelphia 7161 Ogontz Ave ,20.89,5563999.41,266347.5065,5190 ,0,,,,,,,,,
104,Bethlehem Westgate Mall 2289 Schoenersville Rd ,29.69,5550818.27,186959.1873,3915 ,0,,,,,,,,,
105,Wilkes-Barre 2136 Wilkes-Barre Twp ,30.2,5517436.82,182696.5834,4001 ,0,,,,,,,,,
106,"Mechanicsburg 6560 Carlisle Pike, ",32.53,5511033.75,169413.8872,2106 ,0,,,,,,,,,
107,Sewickley 521 Beaver St ,54.21,5482318.26,101131.1245,266 ,0,,,,,,,,,
108,Scranton 210 Meadow Ave ,30.65,5460981.05,178172.3018,3522 ,0,,,,,,,,,
109,Kennett Square New Garden Town Sq Sc 350 Scarlett ,42.8,5446179.58,127247.1864,1507 ,0,,,,,,,,,
110,North Huntingdon Norwin Hills Plz 8865 Norwin Ave ,30.22,5437940.61,179945.0897,6518 ,0,,,,,,,,,
111,Pittsburgh One Oxford Centre 320 Smithfield St ,39.26,5433744.07,138404.0772,207 ,0,,,,,,,,,
112,Willow Grove Regency Square Shopping Plz 1029 N Easton Rd ,31.15,5378129.22,172652.6234,4635 ,0,,,,,,,,,
113,Bloomsburg 1231 Columbia Blvd ,32.93,5361763.59,162823.0668,1902 ,0,,,,,,,,,
114,Chalfont 4275 County Line Rd ,33.01,5349114.36,162045.2699,929 ,0,,,,,,,,,
115,Philadelphia Woodland Village Shopping Ctr 6036 Woodland Ave ,18.61,5334849.71,286665.7555,5173 ,0,,,,,,,,,
116,Bristol 3920 New Falls Rd ,24.96,5310419.49,212757.1911,915 ,0,,,,,,,,,
117,York Queensgate Shopping Ctr 2075 Springwood ,30.63,5227011.62,170650.0692,6705 ,0,,,,,,,,,
118,"West Chester Shoppes Dilworthtown, ",43.01,5186972.95,120599.2316,1523 ,0,,,,,,,,,
119,Indiana Town Fair Plz 475 Ben Franklin ,32.08,5153368.76,160641.1708,3206 ,0,,,,,,,,,
120,East Stroudsburg Pocono Plz 414 Lincoln Ave ,25.75,5143892.44,199762.8132,4501 ,0,,,,,,,,,
121,Trexlertown Trexler Mall Unit 2-A 6900 Hamilton Blvd P.O. Box 93 ,29.27,5135745.31,175461.0629,3916 ,0,,,,,,,,,
122,Philadelphia 4906-4908 Baltimore Ave ,19.55,5101913.47,260967.4409,5141 ,0,,,,,,,,,
123,Blue Bell Ctr Sq ,42.13,5088305.98,120776.3109,4621 ,0,,,,,,,,,
124,Bryn Mawr 922 W Lancaster Ave ,42.4,5064661.56,119449.5651,4608 ,0,,,,,,,,,
125,Philadelphia 1935 Fairmount Ave ,26.55,4957940.22,186739.7446,5169 ,0,,,,,,,,,
126,Erie Summit Towne Centre 7200 Peach St ,40.76,4922617.67,120770.7966,2501 ,0,,,,,,,,,
127,Milford 106 W Harford St ,32.79,4880651.26,148845.7231,5201 ,0,,,,,,,,,
128,Hawley 74 Welwood ,43.99,4855216.09,110370.9045,6401 ,0,,,,,,,,,
129,Philadelphia Society Hill Shopping Ctr 326 S 5th St ,33.54,4853743.27,144715.0647,5155 ,0,,,,,,,,,
130,Lancaster Centerville Sq 586 Centerville Rd ,27.31,4792941.45,175501.3347,3606 ,0,,,,,,,,,
131,Rockledge 404 Huntingdon Pike ,30.32,4765000.56,157157.0106,4622 ,0,,,,,,,,,
132,Harrisburg 1303 N 7th St ,1221.93,4742327.87,3881.014354,2207 ,1,,,,,,,,,
133,Philadelphia 1237 S 11th St ,26.94,4734082.23,175726.8831,5157 ,0,,,,,,,,,
134,Langhorne Shoppes At Flowers Mill 118 N Flowers Mill Rd ,32.95,4726084.7,143432.0091,928 ,0,,,,,,,,,
135,Philadelphia 8 Penn Center Plz 1628 John F Kennedy Blvd ,19.15,4703219.76,245598.9431,5122 ,0,,,,,,,,,
136,Pittsburgh 132 Ben Avon Heights Rd ,29,4692089.32,161796.1834,226 ,0,,,,,,,,,
137,Glen Mills Concordville Towne Ctr 301 Byers ,37.06,4604021.03,124231.5443,2319 ,0,,,,,,,,,
138,Norristown 2501 West Ridge Pike ,27.06,4600229.65,170001.0957,4626 ,0,,,,,,,,,
139,Richboro Crossroads Shopping Ctr 800 Bustleton Ave ,31.19,4561590.72,146251.7063,925 ,0,,,,,,,,,
140,Pittsburgh Penn Hills Shopping Ctr 11685 Penn Hills Dr ,23.47,4539393.28,193412.5812,299 ,0,,,,,,,,,
141,York The Crossroads Shopping Ctr 351 Loucks Rd ,27.4,4498111.98,164164.6708,6709 ,0,,,,,,,,,
142,Wilkes-Barre 112 Stevens Rd ,1188.58,4398931.32,3700.997257,4015 ,1,,,,,,,,,
143,Coraopolis Moon ,31.29,4396286.18,140501.3161,267 ,0,,,,,,,,,
144,Gilbertsville Gilbertsville Shopping Ctr 1050 E Philadelphia Ave ,32.25,4393490.51,136232.2639,4639 ,0,,,,,,,,,
145,Pittsburgh Shady Hill Ctr 6320 Shakespeare St ,18.23,4382025.88,240374.4312,238 ,0,,,,,,,,,
146,Pittsburgh Edgewood Towne Centre 1749 S Braddock Ave ,24.73,4373151.33,176835.8807,228 ,0,,,,,,,,,
147,Harleysville 2710 Shelly Rd ,33.31,4339615.49,130279.6605,4617 ,0,,,,,,,,,
148,Allentown 1918 Allen St ,26.4,4330177.72,164021.8833,3903 ,0,,,,,,,,,
149,Philadelphia 4301 Chestnut St ,26.7,4323422.89,161925.9509,5150 ,0,,,,,,,,,
150,Ambler 132 E Butler Ave ,40.73,4319576.21,106053.9212,4607 ,0,,,,,,,,,
151,Mechanicsburg Mechanicsburg Plz 5301 Simpson Ferry Rd ,27.31,4295764.89,157296.4075,2105 ,0,,,,,,,,,
152,Broomall Lawrence Park Shopping Ctr 1991 Sproul ,27.44,4257435.25,155154.3458,2332 ,0,,,,,,,,,
153,Philadelphia Plaza Americana 2717 N American St ,22.15,4209984.55,190067.0226,5142 ,0,,,,,,,,,
154,Bridgeville Chartiers Valley Shopping Ctr 1025 Washington Pike ,31.6,4208707.49,133186.9459,298 ,0,,,,,,,,,
155,Philadelphia 32 S Second St ,45.29,4207664.57,92904.93641,5134 ,0,,,,,,,,,
156,Allentown 906 Club Ave ,33.82,4193390.82,123991.4494,3909 ,0,,,,,,,,,
157,Feasterville Southampton Village Sc 162 E Street Rd ,32.01,4189475.34,130880.2043,914 ,0,,,,,,,,,
158,Philadelphia 3720 Main St ,29.61,4189052.8,141474.2587,5111 ,0,,,,,,,,,
159,Lancaster Wheatland Shopping Ctr 1761A Columbia Ave ,28.88,4186609.62,144965.7071,3617 ,0,,,,,,,,,
160,Warminster Center Point Plz Sc 748 West St Rd ,27.87,4137045.38,148440.8102,938 ,0,,,,,,,,,
161,Douglassville Douglassville Shopping Ctr 180 Old Swede ,29.71,4079995.54,137327.349,615 ,0,,,,,,,,,
162,Newtown Square Newtown Sq Shopping Ctr 42 Alpha Dr ,31.64,4070405.35,128647.451,2314 ,0,,,,,,,,,
163,Lower Burrell Crossroads Plz 2501 Leechburg ,31.06,4066730.54,130931.4404,6519 ,0,,,,,,,,,
164,Drexel Hill 5035 Township Line Rd ,28.77,4052640.46,140863.4154,2331 ,0,,,,,,,,,
165,Audubon Audubon Village Shopping Ctr 2860 Audubon Vill Dr ,32.47,4022850.64,123894.3837,4637 ,0,,,,,,,,,
166,Royersford Park Towne Plz 301 N Lewis ,26.49,4015824.22,151597.7433,4611 ,0,,,,,,,,,
167,Camp Hill 3760 Market St ,32.63,4015263.65,123054.3564,2107 ,0,,,,,,,,,
168,Tannersville R.R.#1 Tannersville Plz 2838 Rt ,26.92,3998257.21,148523.6705,4509 ,0,,,,,,,,,
169,Murrysville 4610 William Penn Hwy ,35.94,3990180.82,111023.3951,6521 ,0,,,,,,,,,
170,Pittsburgh 1130 Perry Hwy #20 Pines Plz ,44.9,3952255.49,88023.50757,286 ,0,,,,,,,,,
171,Latrobe 1038 Latrobe 30 ,32.84,3942282.46,120045.1419,6523 ,0,,,,,,,,,
172,Glenside 123 S Easton Rd ,27.63,3940740.74,142625.4339,4638 ,0,,,,,,,,,
173,Meadville Downtown Mall 900 Water St ,30.8,3937112.26,127828.3201,2001 ,0,,,,,,,,,
174,Lansdale Hillcrest Shopping Ctr 644 E Main St ,26.47,3925215.91,148289.2297,4627 ,0,,,,,,,,,
175,Philadelphia 2118 Cottman Ave ,21.53,3920342.33,182087.4282,5165 ,0,,,,,,,,,
176,Dunmore 70 Keystone Industrial Pk ,28.6,3916407.6,136937.3287,3508 ,0,,,,,,,,,
177,Bensalem 2223 Galloway Rd ,28.66,3889205.46,135701.5164,919 ,0,,,,,,,,,
178,Pittsburgh 519 Towne Sq Way ,25.85,3871997.95,149787.1547,249 ,0,,,,,,,,,
179,Pittsburgh Noble Manor Shopping Ctr 2350 Noblestown Rd ,27.16,3859365.84,142097.4168,290 ,0,,,,,,,,,
180,Butler 608 Moraine Pointe Plz ,30.94,3846837.18,124332.1648,1003 ,0,,,,,,,,,
181,Pottstown North End Shopping Ctr 1300 N Charlotte St ,26.2,3839169.23,146533.1767,4630 ,0,,,,,,,,,
182,Morrisville Pennsbury Plz Sc 229 Plz Blvd #3133 ,24.19,3813705.15,157656.2691,906 ,0,,,,,,,,,
183,Philadelphia 724 South St ,28.88,3763703.55,130322.1451,5119 ,0,,,,,,,,,
184,Dubois 5730 Shaffer Rd ,31.14,3727983.31,119716.8693,1702 ,0,,,,,,,,,
185,Hazle Township Church Hill Mall 1089 N. Church St. ,30.62,3669321.95,119834.159,4033 ,0,,,,,,,,,
186,East Stroudsburg 232 Fox Run ,25.69,3664006.81,142623.854,4510 ,0,,,,,,,,,
187,"Eddystone Eddystone Shopping Ctr 1562 Chester Pike, ",23.02,3660680.8,159021.755,2329 ,0,,,,,,,,,
188,Stroudsburg 1060 N 9th St ,26.25,3657377.31,139328.6594,4506 ,0,,,,,,,,,
189,Lewisburg 334 Market St ,35.3,3645080.86,103260.081,6001 ,0,,,,,,,,,
190,Allentown 3300 Lehigh St ,31.72,3617062.71,114030.9808,3904 ,0,,,,,,,,,
191,"Pittsburgh N Hills Village, ",31.73,3612995.68,113866.8667,292 ,0,,,,,,,,,
192,Uniontown Fayette Plz Shopping Ctr 619 Pittsburgh Rd ,40.8,3594980.9,88112.27696,2610 ,0,,,,,,,,,
193,Honesdale 1199 Texas-Palmyra ,32.56,3590277.2,110266.4988,6404 ,0,,,,,,,,,
194,Kutztown Village Sq Plz 45 Constitution Blvd ,32.39,3581281.43,110567.5032,605 ,0,,,,,,,,,
195,Pittsburgh Lebanon Shops 300 Mount Lebanon Blvd ,28.12,3542886.51,125991.6967,274 ,0,,,,,,,,,
196,Villanova 789 E Lancaster Ave ,57.78,3530530.59,61102.98702,2327 ,0,,,,,,,,,
197,Philadelphia 2429 S St ,29.74,3505153.14,117859.8904,5143 ,0,,,,,,,,,
198,"Beaver Falls Chippewa Mall, ",31.77,3488646.58,109809.4611,409 ,0,,,,,,,,,
199,Coatesville Barley Station Sc 2715 E Lincoln Hwy ,24.66,3471025.56,140755.2944,1510 ,0,,,,,,,,,
200,Allentown Allentown Towne Ctr 4777 Tilghman St ,30.98,3467744.51,111934.9422,3919 ,0,,,,,,,,,
201,Pittsburgh 1824 Murray Ave ,26.79,3455367.01,128979.7316,224 ,0,,,,,,,,,
202,Monaca 1476 Brodhead Rd ,31.71,3454977.74,108955.4633,414 ,0,,,,,,,,,
203,Parkesburg West Sadsbury Commons Sc 324 Commons ,27.55,3453007.88,125336.0392,1508 ,0,,,,,,,,,
204,Philadelphia 5 North 12th St ,19.03,3445520.62,181057.3106,5105 ,0,,,,,,,,,
205,Blakeslee 248 Rt ,33.98,3430880.37,100967.6389,4507 ,0,,,,,,,,,
206,Brodheadsville Kinsley Plz 107 Kinsley ,25.44,3402002.09,133726.4972,4505 ,0,,,,,,,,,
207,Philadelphia Adams And Tabor Ctr 730 Adams Ave ,29.74,3401013.95,114358.2364,9114 ,0,,,,,,,,,
208,Bethel Park 5249 Library Rd ,27.41,3391895.93,123746.6592,296 ,0,,,,,,,,,
209,Philadelphia Roosevelt Plz 6577 Roosevelt Blvd ,22.57,3382841.52,149882.2118,9111 ,0,,,,,,,,,
210,Harrisburg Vlge Of Oakhurst Shopping Ctr 4404 Oakhurst Blvd ,28.44,3376025.96,118706.9606,2214 ,0,,,,,,,,,
211,Yardley Edgewood Village Shopping Ctr 635 Heacock Rd ,28.43,3374065.66,118679.7629,907 ,0,,,,,,,,,
212,Philadelphia 135 W Chelten Ave ,15.97,3367655.44,210873.8535,5101 ,0,,,,,,,,,
213,Carlisle Stonehedge Sq Shopping Ctr 950 Walnut Bottom Rd ,32.19,3364329.88,104514.7524,2110 ,0,,,,,,,,,
214,Belle Vernon 321 Tri-County Lane ,27.27,3361836.78,123279.6766,6524 ,0,,,,,,,,,
215,Red Lion Windsor Commons Shopping Ctr 3159 Cape Horn Rd ,24.57,3334486.66,135713.7428,6710 ,0,,,,,,,,,
216,Erie Giant Eagle Plz 4466 Buffalo Rd ,27.62,3316900.46,120090.5308,2509 ,0,,,,,,,,,
217,Upper Darby 128 S 69th St ,18.09,3308249.88,182877.2736,2302 ,0,,,,,,,,,
218,Shippensburg Shippen Towne Centre 109 S Conestoga Drive ,27,3288854.27,121809.4174,2103 ,0,,,,,,,,,
219,Erie 105 W 18th St ,28.2,3277184.1,116212.2021,2502 ,0,,,,,,,,,
220,Macungie 199 W Main St ,32.74,3266413.83,99768.29047,3908 ,0,,,,,,,,,
221,State College Hills Plz 2051 S Atherton St ,35.35,3228837.95,91339.12164,1402 ,0,,,,,,,,,
222,Philadelphia Top Of The Hill Shopping Ctr 8705 Germantown Ave ,36.69,3227557.16,87968.30635,5121 ,0,,,,,,,,,
223,Upper Darby Barclay Sq Shopping Ctr 1500 Garrett Rd ,24.02,3226855.76,134340.373,2333 ,0,,,,,,,,,
224,Elizabethtown 1575 S Market ,28.2,3218024.48,114114.3433,3611 ,0,,,,,,,,,
225,Pittsburgh 217 Atwood St ,21.58,3203775.75,148460.4147,213 ,0,,,,,,,,,
226,Warren 44 Market St Plz ,30.79,3203395.63,104040.1309,6201 ,0,,,,,,,,,
227,Lewistown 129 S Main ,27.69,3188440.16,115147.7125,4401 ,0,,,,,,,,,
228,Pottstown Suburbia Sc 76 Glocker Way ,32.1,3173948.16,98876.88972,1522 ,0,,,,,,,,,
229,Philadelphia 2115 N 22nd St ,20,3168396.86,158419.843,5153 ,0,,,,,,,,,
230,Hellertown Creekside Market Place 1848 Leithsville Rd ,29.67,3166151.42,106712.215,4807 ,0,,,,,,,,,
231,"Somerset Somerset Commons, ",35.16,3159467.66,89859.71729,5602 ,0,,,,,,,,,
232,Allentown 1620 S 4th St ,22.91,3147730.99,137395.5037,3914 ,0,,,,,,,,,
233,Danville 604 Continental Blvd ,30.8,3144217.93,102084.9977,4701 ,0,,,,,,,,,
234,Philadelphia 101 E Olney Ave ,19.56,3125474.49,159789.0844,5116 ,0,,,,,,,,,
235,Marshalls Creek Jay Park Plz 288 Dartmouth Dr ,1433,3122496.93,2178.992973,4508 ,1,,,,,,,,,
236,Duncansville 202 Hollidaysburg Plz ,32.33,3108497.92,96149.0232,703 ,0,,,,,,,,,
237,Pittsburgh 233 Shiloh St ,31.9,3091627.88,96916.23448,272 ,0,,,,,,,,,
238,Yardley Oxford Oaks Shopping Ctr 1601 Big Oak Rd ,33.08,3083970.12,93227.63362,937 ,0,,,,,,,,,
239,State College Benner Pike Shops 323 Benner Pike ,31.36,3082313.59,98288.06091,1406 ,0,,,,,,,,,
240,Philadelphia 8844 Frankford Ave ,21.52,3066508.76,142495.7602,5114 ,0,,,,,,,,,
241,Bridgeville 3239 Washington Pike ,27.75,3061327.46,110318.1067,201 ,0,,,,,,,,,
242,Hamburg 1772 Tilden Ridge Dr ,35.13,3047044.99,86736.26502,607 ,0,,,,,,,,,
243,Shillington 2207 Lancaster Pike ,32.59,3046029.23,93465.14974,620 ,0,,,,,,,,,
244,Aliquippa Aliquippa Shopping Ctr 2719 Brodhead ,28.04,3038155.27,108350.7586,410 ,0,,,,,,,,,
245,Philadelphia 7204 Germantown Ave ,23.07,3020377.63,130922.3073,5138 ,0,,,,,,,,,
246,Reading Rockland Plz 1202 Rockland St ,25.39,3006077.06,118396.1032,602 ,0,,,,,,,,,
247,Erie Asbury Sq 2421 Asbury Rd ,28.19,3005215.22,106605.719,2503 ,0,,,,,,,,,
248,Bedford 409 E Pitt St ,36.74,2998579.82,81616.2172,501 ,0,,,,,,,,,
249,Hamlin Hamlin Shopping ,31.12,2989988.82,96079.33226,6403 ,0,,,,,,,,,
250,"Dresher 1825 Limekiln Pike, ",26.79,2982239.26,111319.1213,4629 ,0,,,,,,,,,
251,Emmaus East Penn Plz 1325 Chestnut St ,30.91,2980391.98,96421.61048,3920 ,0,,,,,,,,,
252,Wyncote 8156 Ogontz Ave ,19.53,2969375.14,152041.7378,4640 ,0,,,,,,,,,
253,Hatfield Hilltown Crossings Shopping Ctr 1547 Bethlehem Pike ,28.34,2956564.66,104324.7939,901 ,0,,,,,,,,,
254,Lancaster Manor Shopping Ctr 1234 Millersville Pike ,24.24,2954164.63,121871.4781,3608 ,0,,,,,,,,,
255,Philadelphia 7702 City Ave ,23.08,2943440.65,127532.0906,5195 ,0,,,,,,,,,
256,Lock Haven 137 E Main St ,34.78,2936432.09,84428.75474,1801 ,0,,,,,,,,,
257,Malvern Lincoln Court Shopping Ctr 215 Lancaster Ave ,29.83,2928741.66,98181.08146,1512 ,0,,,,,,,,,
258,Williamsport Hepburn Ctr 449 Hepburn St ,32.37,2922373.94,90280.31943,4102 ,0,,,,,,,,,
259,Pittsburgh 418 E Ohio St ,19.18,2914494.59,151954.8796,263 ,0,,,,,,,,,
260,Cheltenham Melrose Shopping Ctr 103 W Cheltenham Ave ,23.97,2913273.3,121538.3104,4605 ,0,,,,,,,,,
261,Pittston 140 Laurel Plz ,28.71,2905027.36,101185.2093,4024 ,0,,,,,,,,,
262,East Greenville 26 E Fourth St ,30.33,2899245.62,95590.03033,4615 ,0,,,,,,,,,
263,Luzerne Luzerne Shopping Ctr 468 Union St ,27.11,2897715.51,106887.3298,4006 ,0,,,,,,,,,
264,Allentown The Shops At Cedar Pt 333 S Cedar Crest Blvd ,32,2885900.35,90184.38594,3907 ,0,,,,,,,,,
265,Easton Forks Town Ctr 341 Town Ctr Blvd ,25.73,2882179.04,112016.286,4815 ,0,,,,,,,,,
266,Southampton 500 S Second St Pike ,31.73,2859058.99,90105.86165,917 ,0,,,,,,,,,
267,Lansdowne 920 Baltimore Ave ,20.82,2848507.22,136815.9087,2312 ,0,,,,,,,,,
268,Camp Hill Harrisburg West Sc 3441 Simpson Ferry Rd ,29.09,2844265.7,97774.6889,2109 ,0,,,,,,,,,
269,Pipersville Plumstead Sq Shopping Ctr 5837 Easton Rd ,29.79,2839134.6,95304.95468,927 ,0,,,,,,,,,
270,Philadelphia Mckeown Shopping Ctr 6824 Rising Sun Ave ,20.91,2833908.9,135528.8809,5158 ,0,,,,,,,,,
271,Pittsburgh Braddock Hills Shopping Ct 230 Yost Blvd ,28.38,2827734.91,99638.29845,203 ,0,,,,,,,,,
272,Philadelphia Pennypack Circle Shopping Ctr 8204 E. Roosevelt Blvd. ,25.11,2819947.93,112303.7806,9108 ,0,,,,,,,,,
273,Ephrata 31 W Main St ,26.75,2799412.09,104650.9193,3604 ,0,,,,,,,,,
274,Allentown Airport Plz Shopping Ctr 1247 Airport Rd ,35.16,2784293.63,79189.23862,3921 ,0,,,,,,,,,
275,Philadelphia Erie Plz 3772 L St ,23.07,2779166.72,120466.6979,5152 ,0,,,,,,,,,
276,Bradford 38 Davis St ,30.87,2778539.61,90007.7619,4201 ,0,,,,,,,,,
277,Edwardsville 26 Gateway Shopping ,26.8,2769972.73,103357.1914,4026 ,0,,,,,,,,,
278,Pittsburgh 2800 Robinson Blvd ,21.04,2767583.69,131539.1488,280 ,0,,,,,,,,,
279,Palmyra Palmyra Shopping Ctr 901 E Main ,27.6,2767141.08,100258.7348,3803 ,0,,,,,,,,,
280,Sinking Spring Springtown Shopping Ctr 2671 Shillington Rd ,27.85,2755276.21,98932.71849,608 ,0,,,,,,,,,
281,Selinsgrove 517 N Market St ,31.17,2739926.03,87902.66378,5501 ,0,,,,,,,,,
282,Glenmoore Ludwigs Village Shopping Ctr 2910 Conestoga Rd ,37.38,2730147.05,73037.64179,1520 ,0,,,,,,,,,
283,Pittsburgh 530-A Caste Village Sc ,31.59,2728210.6,86363.10858,288 ,0,,,,,,,,,
284,Ligonier 613 W Main St ,43.74,2715806.16,62089.76132,6507 ,0,,,,,,,,,
285,Greensburg 6041 Rte ,28.3,2705156.35,95588.5636,6525 ,0,,,,,,,,,
286,New Castle 2410 Wilmington Rd ,28.61,2702412.58,94456.92345,3708 ,0,,,,,,,,,
287,Johnstown Geistown Shopping Ctr 2451 Bedford St ,31.22,2699672.46,86472.53235,1118 ,0,,,,,,,,,
288,Bethlehem 30 E 4th St ,28.11,2698469.01,95996.76307,4813 ,0,,,,,,,,,
289,Northampton 1910 Ctr St ,26.98,2695096.43,99892.38065,4805 ,0,,,,,,,,,
290,East Rochester Rochester Plz 730 Ohio River Blvd ,29.18,2694148.88,92328.61138,404 ,0,,,,,,,,,
291,Holicong Buckingham Green 4950 Old York Rd ,42.39,2684015.93,63317.1958,933 ,0,,,,,,,,,
292,Pittsburgh 4104 Butler St ,31.91,2673989.05,83797.83924,209 ,0,,,,,,,,,
293,King Of Prussia Valley Forge Shopping Ctr 109 Town Ctr Rd ,26.66,2658163.17,99706.04539,4625 ,0,,,,,,,,,
294,"Bethlehem Bethlehem Sq Sc 3926 Nazareth Pike, ",26.87,2656441.49,98862.72758,4810 ,0,,,,,,,,,
295,Mckees Rocks Kenmawr Plz 510 Pine Hollow Rd ,27.31,2645191.69,96857.98938,9206 ,0,,,,,,,,,
296,Pittsburgh 2947 W Liberty Ave ,29.22,2640164.41,90354.7026,218 ,0,,,,,,,,,
297,Johnstown 1735 Lyter Dr ,31.5,2638443.03,83760.09619,1119 ,0,,,,,,,,,
298,West Chester The Marketplace Shopping Ctr 1502 W Chester Pike ,26.38,2636418.32,99940.04246,1518 ,0,,,,,,,,,
299,Jamison Warwick Sq Shop Ctr 2395 Old York Rd ,32.43,2623980.05,80912.11995,935 ,0,,,,,,,,,
300,"Downingtown Brandywine Village Shopping Ctr 1239 Horseshoe Pike, ",29.03,2616270.65,90122.99862,1521 ,0,,,,,,,,,
301,Peckville Plz 1500 1531 Main St ,29.46,2615288.19,88774.20876,3510 ,0,,,,,,,,,
302,Philadelphia 5235 Frankford Ave ,14.69,2604802.83,177318.096,5145 ,0,,,,,,,,,
303,Denver Muddy Creek Shoppes 2350 N Reading ,32.3,2571651.81,79617.7031,3610 ,0,,,,,,,,,
304,Middletown Midtown Plz 430 E Main St ,25.3,2567473.49,101481.1656,2206 ,0,,,,,,,,,
305,Harrisburg Swatara Sq 6301 Grayson ,25.6,2564604.08,100179.8469,2217 ,0,,,,,,,,,
306,Canonsburg 43 E Pike St ,28.67,2563605.72,89417.7091,6302 ,0,,,,,,,,,
307,Allison Park Hampton Plz 4706 William Flynn ,32.7,2563490.76,78394.21284,285 ,0,,,,,,,,,
308,Exton Marchwood Shopping Ctr 23 Marchwood Rd ,30.41,2552342.54,83931.02729,1515 ,0,,,,,,,,,
309,Childs 529 Main St ,31.81,2548483.95,80115.81107,3504 ,0,,,,,,,,,
310,Bristol Bristol Park 238 Commerce Cir ,23.18,2545295.12,109805.6566,916 ,0,,,,,,,,,
311,Harrisburg Kline Village Shopping Ctr 29 Kline Village ,21.08,2537739.04,120386.1025,2201 ,0,,,,,,,,,
312,Brookhaven 4117 Edgmont Ave ,22.12,2528710.44,114317.8318,2309 ,0,,,,,,,,,
313,Tunkhannock 2 Village Ctr ,30.51,2528575.44,82876.94002,6601 ,0,,,,,,,,,
314,Philadelphia 2807 S Front St ,29.4,2520412.25,85728.30782,5189 ,0,,,,,,,,,
315,Erie 737 E 38th St ,25.55,2514303.47,98407.18082,2511 ,0,,,,,,,,,
316,New Cumberland Fairview Ctr 128 Old York Rd ,26.15,2513614.99,96122.94417,6708 ,0,,,,,,,,,
317,Pittsburgh Shaler ,29.43,2509825.92,85281.20693,264 ,0,,,,,,,,,
318,Pittsburgh 2356 Golden Mile Hwy ,26.96,2507404.93,93004.6339,9213 ,0,,,,,,,,,
319,Berwick 35 Briar Creek Rd ,30.01,2502514.74,83389.36155,1901 ,0,,,,,,,,,
320,"Mountaintop Weis Markets Sc 223 South Mountain Blvd, ",31.05,2497235.27,80426.25668,4035 ,0,,,,,,,,,
321,Uniontown 111 W Fayette St ,32.05,2486502.68,77581.9869,2601 ,0,,,,,,,,,
322,Edinboro Washington Towne Ctr 140 Washington Towne Blvd ,28.89,2481257.31,85886.37279,2518 ,0,,,,,,,,,
323,Yardley Yardley Shopping Ctr 25 S Main St ,37.99,2465035.52,64886.43117,921 ,0,,,,,,,,,
324,White Oak Oak Park Mall 2001 Lincoln Way ,26.8,2446761.22,91297.06045,282 ,0,,,,,,,,,
325,Lancaster 252 N Queen ,19.15,2440790.17,127456.4057,3602 ,0,,,,,,,,,
326,Philadelphia 3250 N Broad St ,17.62,2440384.89,138500.8451,5108 ,0,,,,,,,,,
327,Philadelphia 3521 Cottman Ave ,21.97,2436562.56,110904.0765,5180 ,0,,,,,,,,,
328,Harmony 9 Northgate ,28.03,2435936.67,86904.62611,1002 ,0,,,,,,,,,
329,Sunbury Sunbury Plz 1135 N. 4th St ,30.22,2421987.39,80145.18167,4903 ,0,,,,,,,,,
330,Hanover Grandview Plz Complex 1446 Baltimore ,28.69,2419281.45,84324.90241,6703 ,0,,,,,,,,,
331,Columbia Columbia Shopping Ctr 36 S 18th St ,25.06,2418413.34,96504.92179,3603 ,0,,,,,,,,,
332,Philadelphia 2913 N.22nd St ,16.56,2409467.14,145499.2234,5183 ,0,,,,,,,,,
333,Pottsville 530 Pottsville Park ,27.36,2399561.95,87703.28765,5401 ,0,,,,,,,,,
334,Etters 150 Newberry Commons ,27.96,2391144.2,85520.17883,6702 ,0,,,,,,,,,
335,Huntingdon 7657 Lake Raystown Sc ,28.64,2381237.85,83143.77968,3101 ,0,,,,,,,,,
336,Huntingdon Valley Marketplace At Huntingdon 2080 County Line Rd ,30.08,2377885.23,79052.03557,4642 ,0,,,,,,,,,
337,Mount Joy Mount Joy Sq 921 E Main St ,27.31,2376965.16,87036.4394,3609 ,0,,,,,,,,,
338,Schnecksville 5041 Rt 873 ,27.3,2361319.36,86495.21465,3902 ,0,,,,,,,,,
339,Butler 110 Bon Aire Plz ,27.78,2348588.06,84542.40677,1005 ,0,,,,,,,,,
340,Kittanning Franklin Village Shopping Ctr 13 Franklin Village Mall ,29.17,2337836,80145.21769,308 ,0,,,,,,,,,
341,Pittsburgh Perry Shops 7920 Perry Hwy ,41.27,2328848.76,56429.57984,289 ,0,,,,,,,,,
342,Pittsburgh West View Sc 1012 West View Park Dr ,24.49,2327754.48,95049.18252,234 ,0,,,,,,,,,
343,Meadville 19017 Park Ave Plz ,33.1,2322784.25,70174.75076,2006 ,0,,,,,,,,,
344,Warminster 864 E St Rd ,31.04,2315788.6,74606.59149,923 ,0,,,,,,,,,
345,Phoenixville 785 Starr St ,25.46,2312885.95,90843.91005,1526 ,0,,,,,,,,,
346,Wilkes-Barre S Main Plz 379 S Main St ,21.09,2306139.12,109347.5164,4013 ,0,,,,,,,,,
347,Harrisburg Uptown Plz 2943 N 7th St ,20.23,2285569.38,112979.2081,2208 ,0,,,,,,,,,
348,"West Grove Shoppes At Jenners Village 831 W Baltimore Pike, ",25.62,2282297.79,89082.66159,1503 ,0,,,,,,,,,
349,Oakmont 624 Allegheny River Blvd ,41.61,2278176.03,54750.68565,220 ,0,,,,,,,,,
350,Pittsburgh 529 Liberty Ave ,17.38,2277248.86,131026.977,230 ,0,,,,,,,,,
351,West Hazleton 12 Diana Lane ,30.9,2272875.69,73555.84757,4032 ,0,,,,,,,,,
352,Pittsburgh 826 Hazelwood Ave ,27.64,2271223.45,82171.61541,275 ,0,,,,,,,,,
353,Delmont Salem 22 Plz 6518 Rte ,29.48,2268215.2,76940.81411,6512 ,0,,,,,,,,,
354,Morgantown Clock Tower Plz ,27.85,2253103.76,80901.39174,3618 ,0,,,,,,,,,
355,Muncy 1274 E Penn St ,30.75,2242464.43,72925.67252,4104 ,0,,,,,,,,,
356,Horsham 900 Village Mall ,21.87,2236111.26,102245.5995,4644 ,0,,,,,,,,,
357,Nanticoke 13 Weis Plz ,26.25,2235764.1,85171.96571,4007 ,0,,,,,,,,,
358,Greensburg 105 Harrison Ave ,34.91,2234219.31,63999.40733,6501 ,0,,,,,,,,,
359,Mckeesport Olympia Shopping Ctr 4313 Walnut St ,31.04,2226810.38,71740.02513,294 ,0,,,,,,,,,
360,Scranton Green Ridge Plz 1600 Nay Aug Ave ,24.59,2219428.71,90257.36926,3520 ,0,,,,,,,,,
361,Berwyn 552 Lancaster Ave ,33.29,2207409.78,66308.49444,1513 ,0,,,,,,,,,
362,Malvern The Shops At Great Valley 20 Liberty Blvd ,33.96,2203245.95,64877.67815,1519 ,0,,,,,,,,,
363,New Holland New Holland Shopping Ctr 681 W Main St ,28.22,2194167.96,77752.23104,3601 ,0,,,,,,,,,
364,Carnegie 102 E Main St ,24.42,2187335.31,89571.47052,216 ,0,,,,,,,,,
365,Dickson City 1512 Scranton Carbondale H ,31,2182668.6,70408.66452,3502 ,0,,,,,,,,,
366,Cleona Cleona Sq Shopping Ctr 471 W Penn Ave ,29.5,2182286.49,73975.81322,3805 ,0,,,,,,,,,
367,Philadelphia Academy Plz 3246 Red Lion Rd ,20.97,2180953.01,104003.4816,5120 ,0,,,,,,,,,
368,Imperial Penn Lincoln Ctr 440 Penn Lincoln Dr ,29.67,2166539.95,73021.23188,9212 ,0,,,,,,,,,
369,Uniontown 140 Walnut Hill Rd ,28.47,2144463.34,75323.61574,2606 ,0,,,,,,,,,
370,Connellsville 808 Vanderbilt Rd ,30.26,2137917.9,70651.61599,2603 ,0,,,,,,,,,
371,Washington 980 Jefferson Ave ,22.15,2136989.59,96478.08533,6314 ,0,,,,,,,,,
372,Sayre 2323 N Elmira St ,30.7,2134848.97,69539.0544,801 ,0,,,,,,,,,
373,Newtown Square Edgemont Sq Shopping Ctr 4839 West Chester Pike ,34.52,2130676.14,61722.94728,2304 ,0,,,,,,,,,
374,Perkasie Perkasie Sq 511 Constitution Ave ,25.63,2119808.34,82708.08974,904 ,0,,,,,,,,,
375,Grove City 33 Pine Grove Sq Dr ,27.43,2111449.01,76975.90266,4308 ,0,,,,,,,,,
376,Hazleton Hazleton Shopping Ctr 534 W Broad St ,30.67,2109010.06,68764.59276,4031 ,0,,,,,,,,,
377,Perkasie 341 Dublin Pike ,29.71,2108315.02,70963.1444,931 ,0,,,,,,,,,
378,North Versailles Great Valley Mart 355 Lincoln Hwy ,21.12,2103734.77,99608.65388,295 ,0,,,,,,,,,
379,Chambersburg Lincoln Way Shopping Ctr 1670 Lincoln Way E ,23.13,2102392.99,90894.63856,2805 ,0,,,,,,,,,
380,Trevose Trevose Shopping Plz 560 Andrews Rd ,25.22,2102086.01,83349.96075,918 ,0,,,,,,,,,
381,Walnutport Walnutport Shopping Ctr 200C S Best Ave ,28.24,2101861.84,74428.53541,4801 ,0,,,,,,,,,
382,Altoona Chestnut Plz 220 E Chestnut Ave ,24.98,2097266.64,83957.83187,705 ,0,,,,,,,,,
383,Wyoming 1008 Wyoming Ave ,28.46,2096753.92,73673.71469,4034 ,0,,,,,,,,,
384,Scranton Price Chopper Shopping Ctr 1520 S Main Ave ,24.28,2093263.86,86213.50329,3503 ,0,,,,,,,,,
385,Indiana 575 Philadelphia St ,30.65,2087630.61,68111.92855,3202 ,0,,,,,,,,,
386,Sinking Spring Sinking Spring Plz 4880 Penn Ave ,29.99,2081455.7,69404.99166,603 ,0,,,,,,,,,
387,Sarver 240 Buffalo Plz ,30.55,2069586.92,67744.2527,1009 ,0,,,,,,,,,
388,Scranton Keyser Oak ,26.05,2064780.43,79262.20461,3518 ,0,,,,,,,,,
389,Philadelphia Freedom Sq Shopping Ctr 5113 Germantown Ave ,17.4,2061718.39,118489.5626,5198 ,0,,,,,,,,,
390,Warrington Doylestown Pt Plz 1661 Easton Rd ,30.86,2049910.94,66426.14841,930 ,0,,,,,,,,,
391,Pittsburgh 2629 Brownsville Rd ,25.72,2036079.01,79163.25855,261 ,0,,,,,,,,,
392,Johnstown East Hills Plz 1513 Scalp Ave ,27.75,2022691.3,72889.77658,1102 ,0,,,,,,,,,
393,South Park The Bavarian Village 2550 Brownsville Rd ,30.03,2022050.96,67334.3643,210 ,0,,,,,,,,,
394,Greenville 100 Hadley ,32.32,2018623,62457.3948,4303 ,0,,,,,,,,,
395,"Covington Twp 921 Drinker Tpke, ",28.49,2016391.52,70775.41313,3521 ,0,,,,,,,,,
396,Cheswick Cheswick Plz 1302 Pittsburgh St ,30.14,2001061.89,66392.23258,255 ,0,,,,,,,,,
397,Enola E Penn Ctr 736 Wertzville Road ,27.16,1995512.51,73472.47828,2111 ,0,,,,,,,,,
398,Coal Twp The Plz At Coal Twp 9345 State Rte 61 ,30.4,1994591.22,65611.55329,4902 ,0,,,,,,,,,
399,Pittsburgh 4643 Centre Ave ,24.09,1994309.12,82785.76671,252 ,0,,,,,,,,,
400,Pen Argyl 1375 Blue Valley Dr ,25.46,1992403.69,78256.23291,4803 ,0,,,,,,,,,
401,Mt Pleasant 208 Countryside Plz ,26.87,1984628.84,73860.39598,6509 ,0,,,,,,,,,
402,Bethlehem 3030 Emrick Blvd (Rear) ,101.53,1984456.41,19545.51768,4818 ,1,,,,,,,,,
403,Waynesboro Wayne Heights Mall 1507-1509 E Main St ,31.3,1981696.25,63312.97923,2802 ,0,,,,,,,,,
404,Pottsville 888 Gordon Nagle Trail ,29.35,1974203.45,67264.17206,5408 ,0,,,,,,,,,
405,Butler 340 Greater Butler Mart ,32.04,1968547.03,61440.29432,1006 ,0,,,,,,,,,
406,Natrona Heights Heights Plz 1632 Pacific Ave ,25.85,1957288.49,75717.15629,283 ,0,,,,,,,,,
408,Philadelphia 2511 W Girard Ave ,17.73,1943152.34,109596.8607,5127 ,0,,,,,,,,,
409,"Philadelphia Bakerâ€™s Centre, ",28.06,1943131.21,69249.15217,5174 ,0,,,,,,,,,
410,Bath Bath Shopping Ctr 362 S Walnut St ,29.32,1942668.2,66257.44202,4809 ,0,,,,,,,,,
411,Hershey 731 Cherry Dr ,25.64,1941915.17,75737.72114,2218 ,0,,,,,,,,,
412,Tamaqua 141 N Railroad St ,26.92,1922817.04,71427.08172,5403 ,0,,,,,,,,,
413,Ridley Park 12 E Hinckley Ave ,23.63,1920273.1,81264.20229,2317 ,0,,,,,,,,,
414,Wilkes-Barre 850 Sans Souci Pky ,26.09,1917562.33,73497.98122,4028 ,0,,,,,,,,,
415,Franklin 541 Allegheny Blvd ,30.51,1916306.07,62809.11406,6102 ,0,,,,,,,,,
416,Aston 3486 Concord ,23.07,1915357.07,83023.71348,2325 ,0,,,,,,,,,
417,"Hawley Vill Ctr At Lords Valley Hc8 Box 8416, ",26.52,1903596.08,71779.64103,5202 ,0,,,,,,,,,
418,Verona Community Plz 1103 Milltown Rd ,25.52,1897310.88,74346.03762,9210 ,0,,,,,,,,,
419,Slippery Rock Slippery Rock ,25.36,1891967.89,74604.41207,1008 ,0,,,,,,,,,
420,Lehighton 143 South St ,27.5,1885097.51,68549.00036,1304 ,0,,,,,,,,,
421,Kenhorst 300 Kenhorst Plz ,24.28,1884042.8,77596.49094,610 ,0,,,,,,,,,
422,Montoursville 803 N Loyalsock Ave ,28.54,1880370.09,65885.42712,4107 ,0,,,,,,,,,
423,Erie 3412 W Lake Rd ,34.82,1878602.39,53951.82051,2517 ,0,,,,,,,,,
424,St Marys St Marys Plz Shopping Ctr 832 S St Marys Rd ,31.58,1878313.72,59477.95187,2402 ,0,,,,,,,,,
425,Old Forge 305 S Main St ,31.12,1875844.52,60277.78021,3505 ,0,,,,,,,,,
426,Manheim Manheim Shopping Ctr 97 Doe Run Rd ,27.85,1869678.49,67133.87756,3605 ,0,,,,,,,,,
427,Womelsdorf Tulpehocken Village Shopping Ctr 430 N Third St ,29.74,1864532.73,62694.44284,617 ,0,,,,,,,,,
428,Verona River Town Shops 90 Allegheny River Blvd ,27.45,1863572.01,67889.69071,202 ,0,,,,,,,,,
429,Williamsport 2067 Lycoming Creek Rd ,27.36,1857303.24,67883.89035,4106 ,0,,,,,,,,,
430,Erie E Erie PlZ Shopping Ctr 828 E Sixth St ,25.24,1846425.69,73154.74208,2513 ,0,,,,,,,,,
431,Enola Summerdale Plz Shopping Ctr 443 N Enola Rd ,28.43,1844271.43,64870.60957,2108 ,0,,,,,,,,,
432,Girard Imperial Point Plz 9135 Ridge Rd ,29.02,1833413.77,63177.59373,2520 ,0,,,,,,,,,
433,Pittsburgh 3202 Brighton Rd ,19.92,1803397.13,90531.98444,273 ,0,,,,,,,,,
434,Ellwood City 729 Lawrence Ave ,30,1799531.41,59984.38033,3702 ,0,,,,,,,,,
435,Montrose Price Chopper Plz 16750 State Rte ,33.58,1799377.11,53584.78588,5802 ,0,,,,,,,,,
436,New Brighton 816 3rd Ave ,24.34,1781761.22,73203.00822,408 ,0,,,,,,,,,
437,Penndel Us 1 Plz 315 W Lincoln Hwy ,23.89,1768161.06,74012.60193,908 ,0,,,,,,,,,
438,Clearfield Clearfield Mall 1824 Daisy St ,28.57,1761367.3,61650.93805,1705 ,0,,,,,,,,,
439,Mckees Rocks 136 Mckees Rocks Plz ,20.79,1755771.14,84452.67629,206 ,0,,,,,,,,,
440,Glenshaw 1706 Mt Royal Blvd ,25.49,1745973.08,68496.39388,281 ,0,,,,,,,,,
441,Mount Pleasant 656 Main St ,57.93,1743636.36,30099.02227,6506 ,0,,,,,,,,,
442,Monroeville Haymaker Village Shops 4524 Broadway Blvd ,26.13,1735885.92,66432.67968,242 ,0,,,,,,,,,
443,Conyngham Valley Plz 653 State Rte ,28.52,1726679.57,60542.76192,4025 ,0,,,,,,,,,
444,Coraopolis 1110 Fourth Ave ,25.52,1722598.14,67499.92712,217 ,0,,,,,,,,,
445,Norristown 2014 Old Arch ,22.45,1697733.38,75622.86771,4634 ,0,,,,,,,,,
446,Elizabeth 820 Mckeesport Rd ,26.72,1694984.9,63435.06362,236 ,0,,,,,,,,,
447,West Mifflin Village Shopping Ctr 1874 Homeville Rd ,29.34,1692211.77,57675.92945,297 ,0,,,,,,,,,
448,New Britain Town Ctr Shopping Ctr 300 Town Ctr ,25.32,1687100.23,66631.13073,936 ,0,,,,,,,,,
449,Towanda 85 Reuter Blvd ,29.05,1686067.71,58040.19656,802 ,0,,,,,,,,,
450,York Yorktowne Mall 131 N Duke ,24.93,1682157.33,67475.22383,6701 ,0,,,,,,,,,
451,Belle Vernon 4627 Rte ,29.23,1681115,57513.34246,6511 ,0,,,,,,,,,
452,Jim Thorpe 1215 N St ,35.26,1671406.74,47402.34657,1302 ,0,,,,,,,,,
453,Vandergrift 147 Columbia Ave ,30.27,1666977.96,55070.29931,6514 ,0,,,,,,,,,
454,Nazareth 34 S Broad St ,26.46,1662333.79,62824.40627,4806 ,0,,,,,,,,,
455,Easton 111 Northampton St ,23.1,1651601.99,71497.92165,4802 ,0,,,,,,,,,
456,Wellsboro 16 Crafton St ,31.01,1636763.63,52781.80039,5903 ,0,,,,,,,,,
457,Wilkes-Barre 7 George Ave ,24.69,1631812.85,66092.05549,4002 ,0,,,,,,,,,
458,Milton Weis Market Shopping Ctr 551 Mahoning St ,27.24,1628283.33,59775.45264,4904 ,0,,,,,,,,,
459,Wind Gap Wind Gap Plz 813 Male Rd ,25.64,1622886.8,63295.117,4816 ,0,,,,,,,,,
460,Clarion 78 Clarion Plz ,30.61,1622607.27,53009.05815,1603 ,0,,,,,,,,,
461,Homestead 139 E 8th Ave ,24.78,1615765.73,65204.42817,204 ,0,,,,,,,,,
462,Eynon 771 Scranton Carbondale Hwy ,29.82,1595679.83,53510.39001,3523 ,0,,,,,,,,,
463,North East Plz 10720 W Main St ,29.96,1582382.4,52816.502,2504 ,0,,,,,,,,,
464,Mansfield Mansfield Plz 181 N Main St ,30.58,1576653.03,51558.30706,5905 ,0,,,,,,,,,
465,W Pittston 801 Wyoming Ave ,26.56,1574355.18,59275.42093,4023 ,0,,,,,,,,,
466,New Stanton 111 Westmore Ave ,29.83,1573566.66,52751.14516,6522 ,0,,,,,,,,,
467,Pittsburgh 126 Grant Ave ,24.57,1557321.35,63383.04233,223 ,0,,,,,,,,,
468,West Mifflin Kennywood Shops 1326 Hoffman Blvd ,20.79,1535377.41,73851.72727,219 ,0,,,,,,,,,
469,Lower Burrell 249 Hillcrest Shopping Ctr 3220 Leechburg Rd ,27.87,1521651.55,54598.18981,6510 ,0,,,,,,,,,
470,Ambridge 999 Merchant St ,25.06,1510661.95,60281.80168,403 ,0,,,,,,,,,
471,Waynesburg Widewaters Commons 55 Sugar Run ,27.97,1503587.88,53757.1641,3001 ,0,,,,,,,,,
472,Erie Commodore Perry Plz 2208 Broad St ,21.23,1490597,70211.82289,2515 ,0,,,,,,,,,
473,Schuylkill Haven 515 Dock St ,27.91,1480775.39,53055.37048,5412 ,0,,,,,,,,,
474,Monroeville Monroeville Mall 326-328 Mall Blvd ,29.6,1477758.51,49924.27399,9209 ,0,,,,,,,,,
475,Gap Village At Gap Shopping Ctr 5360 Lincoln ,28.16,1473662.27,52331.75675,3612 ,0,,,,,,,,,
476,Titusville 126 S Martin St ,28.39,1469646.06,51766.32828,2002 ,0,,,,,,,,,
477,Charleroi 105 3rd St ,32.01,1459924.73,45608.39519,6304 ,0,,,,,,,,,
478,New Castle 4 Cascade Galleria 100 S Jefferson St ,21.74,1456418.35,66992.5644,3706 ,0,,,,,,,,,
479,Duncannon 53 Main St ,31.61,1456271.14,46069.95065,5002 ,0,,,,,,,,,
480,Hopewell Twp Green Garden Shopping Ctr 3113 Green Garden Rd ,26.06,1451641.82,55703.83039,402 ,0,,,,,,,,,
481,Clarion 800 Ctr 845 Main St ,33.36,1437898.07,43102.46013,1601 ,0,,,,,,,,,
482,Leetsdale 3 Quaker Village Shopping Ctr ,29.28,1428022.57,48771.26264,9203 ,0,,,,,,,,,
483,Orwigsburg Federal Sq 705 W Market ,36.75,1425113.32,38778.59374,5409 ,0,,,,,,,,,
484,Punxsutawney 567 W Mahoning St ,30.28,1424745.22,47052.35205,3302 ,0,,,,,,,,,
485,Jeannette Penn Crossing Shopping Ctr 2012 Penny Ln ,28.04,1420913.99,50674.53602,6516 ,0,,,,,,,,,
486,Philipsburg 4A Peebles Plz ,25.12,1416160.92,56375.8328,1706 ,0,,,,,,,,,
487,Plains Plains Plz 21 N River St ,26.52,1415535.24,53376.14027,4017 ,0,,,,,,,,,
488,Steelton 325 N Front St ,24.08,1413688.05,58707.9755,2204 ,0,,,,,,,,,
489,California 327 Third St ,27.4,1362483.39,49725.67117,6311 ,0,,,,,,,,,
490,Oxford Oxford Sq Shopping Ctr 449 N Third St ,24.57,1349320.73,54917.40863,1524 ,0,,,,,,,,,
491,Corry Corry Plz 350 W Columbus Ave ,29.41,1344385.56,45711.85175,2506 ,0,,,,,,,,,
492,Sharon Sharon Ctr City Shopping Ctr 120 S Water Ave ,22.6,1319865.08,58401.10973,4301 ,0,,,,,,,,,
493,Monongahela 245 W Main St ,25.46,1316015.78,51689.5436,6306 ,0,,,,,,,,,
494,New Kensington 328 Central City Plz ,21.41,1313622.3,61355.54881,6505 ,0,,,,,,,,,
495,Baden Northern Lights Shoppers City 1603 State ,25.24,1307288.91,51794.33082,412 ,0,,,,,,,,,
496,Oil City Seneca St Plz 50 Seneca St ,30,1302345.81,43411.527,6101 ,0,,,,,,,,,
497,Manchester Chester Sq Shopping Ctr 4169 N George St Extended ,24.1,1300432.56,53959.85726,6706 ,0,,,,,,,,,
498,Pittsburgh 722 Brookline Blvd ,22.13,1296158.09,58570.1803,279 ,0,,,,,,,,,
499,Shenandoah 9 Gold Star Plz ,25.26,1288033.88,50991.0483,5402 ,0,,,,,,,,,
500,Mckeesport 149 5th Ave ,16.71,1283394.44,76803.97606,205 ,0,,,,,,,,,
501,Boothwyn 643 Conchester Pike ,37.05,1265915.76,34167.7668,2315 ,0,,,,,,,,,
502,Pottstown 212 E High St ,17.97,1246447.55,69362.6906,4604 ,0,,,,,,,,,
503,Halifax 3775 Peters Mountain Rd ,28.65,1245466.61,43471.78394,2213 ,0,,,,,,,,,
504,Glassport 739 Monongahela Ave ,23.84,1242439.87,52115.76636,244 ,0,,,,,,,,,
505,Moosic 3364 Birney Plz ,28.96,1239167.85,42788.9451,3501 ,0,,,,,,,,,
506,Jeannette 114 S Fifth St ,28.34,1232247.23,43480.84792,6504 ,0,,,,,,,,,
507,Ebensburg 607 W High St ,30.28,1221768.2,40349.01585,1110 ,0,,,,,,,,,
508,Doylestown 19 W Court St ,42.5,1221157.04,28733.10682,902 ,0,,,,,,,,,
509,Jersey Shore 354 Allegheny St ,27.77,1220809.1,43961.4368,4103 ,0,,,,,,,,,
510,Harrisburg 333 Market St ,24.22,1213855.22,50117.88687,2219 ,0,,,,,,,,,
511,Philadelphia 4177 Ridge Ave ,23.76,1212589.7,51034.92003,5171 ,0,,,,,,,,,
512,Bellefonte 114 N Spring St ,28.12,1211127.49,43069.96764,1401 ,0,,,,,,,,,
513,Newtown Sq Newtown Sq Shopping Ctr 3590 West Chester Pike ,24.51,1195547.5,48777.94778,2316 ,0,,,,,,,,,
514,Blairsville 215 E Market St ,29.61,1187468.13,40103.61803,3201 ,0,,,,,,,,,
515,Mercer 535 Greenville Rd ,29.22,1182575.14,40471.42847,4304 ,0,,,,,,,,,
516,Ebensburg College Plz 881 Hills Plz ,29.58,1181851.06,39954.39689,1106 ,0,,,,,,,,,
517,Munhall 3408 Main St ,23.71,1175048.29,49559.18558,271 ,0,,,,,,,,,
518,Greencastle Greencastle Market Pl Shopping Ctr 512 N Antrim Way ,26.29,1167843.4,44421.58235,2803 ,0,,,,,,,,,
519,Cresco 1152 Rte 390 ,28.01,1154208.38,41207.01107,4503 ,0,,,,,,,,,
520,New Castle Lawrence Village Plz 2656 Ellwood Rd ,24.34,1151249.66,47298.67132,3701 ,0,,,,,,,,,
521,New Castle Westgate Shopping Ctr 2034 W State St ,28.42,1148767.67,40421.10028,3707 ,0,,,,,,,,,
522,Schwenksville 100 Main St ,25.79,1138450.02,44143.07949,4616 ,0,,,,,,,,,
523,Windber 1607 Jefferson Ave ,32.93,1122226.83,34079.16277,5603 ,0,,,,,,,,,
524,Mifflinburg 30 E Chestnut St ,27.7,1118413.67,40375.94477,6002 ,0,,,,,,,,,
525,Reading 537 Penn St ,17.53,1107230.12,63162.01483,601 ,0,,,,,,,,,
526,Mcdonald Mcdonald Shopping Plz 301 W Barr St ,28.82,1098824.97,38127.16759,6305 ,0,,,,,,,,,
527,Cranberry 17 Kimberly ,23.22,1098436.25,47305.60939,6103 ,0,,,,,,,,,
528,White Haven White Haven Shopping Ctr 501 Main St ,29.25,1090759.93,37290.93778,4020 ,0,,,,,,,,,
529,Pittsburgh 959 Liberty Ave ,20.42,1085398.78,53153.71107,212 ,0,,,,,,,,,
530,Mifflin P.O. Box 350 ,26.41,1066758.09,40392.20333,3401 ,0,,,,,,,,,
531,Philadelphia 1446 Point Breeze Ave ,14.08,1056387.92,75027.55114,5129 ,0,,,,,,,,,
532,Philadelphia 1913 Chestnut St ,27.63,1051271.22,38048.18024,9113 ,0,,,,,,,,,
533,Tyrone 1260 Pennsylvania Ave ,23.66,1030010.39,43533.82883,704 ,0,,,,,,,,,
534,S Williamsport 510 W Southern Ave ,24.69,1027327.23,41609.04131,4109 ,0,,,,,,,,,
535,Johnstown 426 Main St ,22.77,1020701.51,44826.59245,1101 ,0,,,,,,,,,
536,Brodheadsville Kinsley Plz 107 Kinsley ,25.39,992277.34,39081.4234,4511 ,0,,,,,,,,,
537,Butler Pullman Sq Shopping Ctr 180 Pullman ,22.42,972941.97,43396.1628,1001 ,0,,,,,,,,,
538,Cresson 101 Park Ave ,25.85,958467.31,37078.03907,1104 ,0,,,,,,,,,
539,Ottsville 8794 Easton ,33.63,954272.76,28375.63961,903 ,0,,,,,,,,,
540,Brookville 160 Main St ,28.97,951844.45,32856.2116,3301 ,0,,,,,,,,,
541,Coudersport 151 Rte 6 W ,29.1,945953.79,32507.00309,5301 ,0,,,,,,,,,
542,Northern Cambria 910 Philadelphia ,33.77,927218.35,27456.86556,1103 ,0,,,,,,,,,
543,Linesville 211 E Erie St ,36.09,887983.56,24604.69825,2004 ,0,,,,,,,,,
544,Pine Grove 16 Tremont Rd ,30.81,866322.09,28118.2113,5413 ,0,,,,,,,,,
545,Latrobe 313 Depot St ,33.13,865173.76,26114.51132,6502 ,0,,,,,,,,,
546,Carmichaels Brodak Commons 554 S 88 Rd ,26.38,845807.55,32062.45451,3002 ,0,,,,,,,,,
547,Stroudsburg 761 Main St ,40.07,804254.42,20071.23584,4504 ,0,,,,,,,,,
548,Dushore 121 W Main St ,28.6,772088.09,26996.08706,5701 ,0,,,,,,,,,
549,Philadelphia 4346 Frankford Ave ,15.14,766537.36,50629.94452,5102 ,0,,,,,,,,,
550,Johnstown 20th Ward Shopping Ctr 358 N Sheridan St ,22.41,764203.94,34101.02365,1115 ,0,,,,,,,,,
551,Norristown 504 W Marshall St ,19.46,763937.76,39256.8222,4618 ,0,,,,,,,,,
552,Bridgeport 24 E 4th St ,27.5,750691.19,27297.86145,4619 ,0,,,,,,,,,
553,Philadelphia 1111 Locust St ,34.55,745155.42,21567.45065,5148 ,0,,,,,,,,,
554,Harrisburg 1200 N 3rd St ,18.11,739636.24,40841.3164,2202 ,0,,,,,,,,,
555,Palmerton 221 Delaware Ave ,26.77,717126.32,26788.43183,1303 ,0,,,,,,,,,
556,"Lancaster The Shoppes At Landis Valley 2347 Oregon Pike, ",31.05,705396.42,22718.08116,3621 ,0,,,,,,,,,
557,Lykens 529 S Market St ,31.45,700045.66,22259.0035,2205 ,0,,,,,,,,,
558,Chester 2709 W 9th St ,17.88,699513.63,39122.68624,2318 ,0,,,,,,,,,
559,Monessen 925 Donner Ave ,32.74,682305.79,20840.12798,6503 ,0,,,,,,,,,
560,Kane 124 Fraley St ,32.87,669241.59,20360.25525,4202 ,0,,,,,,,,,
561,Pittsburgh 3643 California Ave ,21.11,665100.17,31506.40313,270 ,0,,,,,,,,,
562,Ridgway 305 N Broad St ,33.2,659851.72,19875.05181,2401 ,0,,,,,,,,,
563,Wyalusing 41871 Rte 6 ,30.65,651361.11,21251.58597,804 ,0,,,,,,,,,
564,Kittanning 137 S Jefferson St ,39.28,645315.74,16428.60845,302 ,0,,,,,,,,,
565,Bellefonte Weis Market Shopping Ctr 178 Buckaroo Ln ,30.34,631035.39,20798.79334,1407 ,0,,,,,,,,,
566,Hatboro 225 N York Rd ,26.61,629361.83,23651.3277,4612 ,0,,,,,,,,,
567,Leechburg 163 Third St ,35.68,612983.88,17180.04148,303 ,0,,,,,,,,,
568,Mount Carmel 136 S Oak St ,29.51,608665.91,20625.75093,4901 ,0,,,,,,,,,
569,Russellton 908 Little Deer Creek Rd P.O. Box 295 ,29.22,600677.26,20557.05886,265 ,0,,,,,,,,,
570,Fredericktown 524 Front St ,36.55,599745.18,16408.89685,6312 ,0,,,,,,,,,
571,Susquehanna The Shops 236 Erie Blvd ,33.31,597274.82,17930.79616,5803 ,0,,,,,,,,,
572,Troy 752 Canton St ,35.46,595186.07,16784.71715,803 ,0,,,,,,,,,
573,Mcconnellsburg Ayr Town Ctr 362 S Second St ,28.13,568347.07,20204.30395,2901 ,0,,,,,,,,,
574,Portage 3670 Portage ,33.07,561450,16977.62322,1111 ,0,,,,,,,,,
575,Burgettstown Kwik Stop Plz 2038 Smith Twp ,29.05,544323.74,18737.47814,6307 ,0,,,,,,,,,
576,Union City 66 N Main St ,29.92,543069.34,18150.71324,2512 ,0,,,,,,,,,
577,Mt Union 25 W Water St ,25.65,532818.21,20772.63977,3102 ,0,,,,,,,,,
578,Youngsville 107 E Main St ,34.39,522967.64,15206.9683,6203 ,0,,,,,,,,,
579,Irwin 310 Main St ,32.72,513570.36,15695.91565,6508 ,0,,,,,,,,,
580,Farrell 837 Sharon New Castle Rd ,21.36,513003.52,24017.01873,4302 ,0,,,,,,,,,
581,Petrolia 102 Main St ,49.49,474817.82,9594.217418,1004 ,0,,,,,,,,,
582,Lansford 46 W Ridge St ,23.14,472109.49,20402.31158,1301 ,0,,,,,,,,,
583,Apollo 206 N Warren Ave ,26.48,471274.94,17797.39199,307 ,0,,,,,,,,,
584,Midland 508 Midland Ave ,26.07,460743.35,17673.31607,405 ,0,,,,,,,,,
585,Masontown 1890 Mcclellandtown Rd ,26.46,443404.51,16757.54006,2604 ,0,,,,,,,,,
586,Emporium 54 E Fourth St ,32.74,432147.23,13199.36561,1201 ,0,,,,,,,,,
587,Westfield 126 W Main St ,38.42,429952.75,11190.85763,5904 ,0,,,,,,,,,
588,Perryopolis 3532 Pittsburgh ,29.17,413226.99,14166.16352,2608 ,0,,,,,,,,,
589,Tionesta 644 Elm St ,29.42,405878.71,13796.01326,2702 ,0,,,,,,,,,
590,Smethport 433 W Main St ,32.08,399890.65,12465.41926,4203 ,0,,,,,,,,,
591,Forest City 605 Main St ,29.08,398399.13,13700.10763,5801 ,0,,,,,,,,,
592,Port Allegany 66 Mill St ,29.76,377642.09,12689.58636,4204 ,0,,,,,,,,,
593,Mercersburg 9 S Main St ,44.95,376408.13,8373.929477,2804 ,0,,,,,,,,,
594,New Bethlehem 452 Broad St ,31.36,363069.41,11577.46843,1602 ,0,,,,,,,,,
595,Marienville 121 Chestnut St ,32.79,338751.94,10330.95273,2701 ,0,,,,,,,,,
596,Galeton 17 West St ,30.8,331332.26,10757.54091,5302 ,0,,,,,,,,,
597,Manchester East Manchester Village Ctr Glen ,24.65,308172.14,12501.91237,6704 ,0,,,,,,,,,
598,Knox 506 Main St ,41.73,303441.65,7271.546849,1604 ,0,,,,,,,,,
599,Ashland 630 Centre St ,28.11,302537.57,10762.63145,5404 ,0,,,,,,,,,
600,Brockway 445 Main St ,36.77,297332.71,8086.285287,3303 ,0,,,,,,,,,
601,Clymer 560 Franklin St ,37.74,291143.65,7714.458135,3203 ,0,,,,,,,,,
602,Houtzdale 821 Centennial St ,29.43,289943.59,9851.973836,1703 ,0,,,,,,,,,
603,Saxton 600 Main St ,30.67,288720.88,9413.788067,502 ,0,,,,,,,,,
604,Frackville 500 W Oak St ,27.88,279514.05,10025.61155,5405 ,0,,,,,,,,,
605,East Conemaugh 513 Chestnut St ,39.65,265410.21,6693.82623,1107 ,0,,,,,,,,,
606,Boswell 212 Ohio St ,31.13,243840.1,7832.961773,5606 ,0,,,,,,,,,
607,Mahanoy City 7 S Main St ,26.23,227470.96,8672.167747,5406 ,0,,,,,,,,,
608,Avonmore P.O. Box 38 ,32.38,221296.78,6834.366275,6513 ,0,,,,,,,,,
609,Curwensville 449 State St ,28.29,203451.04,7191.623895,1704 ,0,,,,,,,,,
610,Sheffield 212 S Main St ,31.48,194124.55,6166.599428,6202 ,0,,,,,,,,,
611,Reynoldsville 410 Main St ,31.32,189093.45,6037.466475,3305 ,0,,,,,,,,,
612,Meyersdale 686 Market Sq ,46.18,184906.78,4004.044608,5601 ,0,,,,,,,,,
613,Snow Shoe 15 W Olive St ,32.9,157317.36,4781.682675,1403 ,0,,,,,,,,,
614,Point Marion 213 Penn St ,33.52,132894.68,3964.638425,2605 ,0,,,,,,,,,
615,Newport 8 Newport Plz ,28.09,88587.91,3153.716981,5001 ,0,,,,,,,,,
616,Wind Gap 15 N Broadway ,22.87,69463.52,3037.320507,4811 ,0,,,,,,,,,
